{
  "manifest": {
    "apis": {
      "custom": {
        "endpoint": {
          "uri": "arn:aws:lambda:us-east-1:058264129450:function:cf5979b7-e835-4970-b5ae-244cfdb193da:Release_0"
        },
        "regions": {
          "EU": {
            "endpoint": {
              "uri": "arn:aws:lambda:eu-west-1:058264129450:function:cf5979b7-e835-4970-b5ae-244cfdb193da:Release_0"
            }
          },
          "NA": {
            "endpoint": {
              "uri": "arn:aws:lambda:us-east-1:058264129450:function:cf5979b7-e835-4970-b5ae-244cfdb193da:Release_0"
            }
          },
          "FE": {
            "endpoint": {
              "uri": "arn:aws:lambda:us-west-2:058264129450:function:cf5979b7-e835-4970-b5ae-244cfdb193da:Release_0"
            }
          }
        }
      }
    },
    "publishingInformation": {
      "locales": {
        "pt-BR": {
          "name": "medicacao inteligente"
        }
      }
    }
  }
}